21001,2010,88
21001,2011,108
21001,2012,145
21001,2013,73
21001,2014,107
21001,2015,132
21001,2016,115
21001,2017,136
21001,2018,129.55
21001,2019,133.07
21001,2020,136.69
21003,2010,168
21003,2011,115
21003,2012,184
21003,2013,108
21003,2014,98
21003,2015,54
21003,2016,107
21003,2017,152
21003,2018,101.81
21003,2019,98.427
21003,2020,95.16
21005,2010,98
21005,2011,136
21005,2012,78
21005,2013,50
21005,2014,66
21005,2015,38
21005,2016,72
21005,2017,43
21005,2018,29.87
21005,2019,24.736
21005,2020,20.484
21007,2010,24
21007,2011,17
21007,2012,11
21007,2013,11
21007,2015,25
21007,2016,16
21007,2017,25
21009,2010,383
21009,2011,423
21009,2012,293
21009,2013,306
21009,2014,269
21009,2015,264
21009,2016,289
21009,2017,359
21009,2018,277.02
21009,2019,268.49
21009,2020,260.22
21011,2010,81
21011,2011,89
21011,2012,80
21011,2013,82
21011,2014,58
21011,2015,126
21011,2016,44
21011,2017,70
21011,2018,67.296
21011,2019,64.814
21011,2020,62.424
21013,2010,387
21013,2011,204
21013,2012,257
21013,2013,259
21013,2014,739
21013,2015,735
21013,2016,798
21013,2017,726
21013,2018,1080.3
21013,2019,1299
21013,2020,1561.9
21015,2010,299
21015,2011,257
21015,2012,405
21015,2013,439
21015,2014,344
21015,2015,506
21015,2016,414
21015,2017,494
21015,2018,529.05
21015,2019,565.58
21015,2020,604.64
21017,2010,161
21017,2011,57
21017,2012,80
21017,2013,123
21017,2014,83
21017,2015,80
21017,2016,156
21017,2017,96
21017,2018,130.41
21017,2019,140.99
21017,2020,152.43
21019,2010,504
21019,2011,623
21019,2012,474
21019,2013,588
21019,2014,487
21019,2015,437
21019,2016,289
21019,2017,430
21019,2018,335.52
21019,2019,308.64
21019,2020,283.91
21021,2010,200
21021,2011,103
21021,2012,120
21021,2013,149
21021,2014,192
21021,2015,135
21021,2016,239
21021,2017,328
21021,2018,356.08
21021,2019,432.36
21021,2020,524.96
21023,2010,28
21023,2011,35
21023,2012,58
21023,2013,22
21023,2014,30
21023,2015,19
21023,2016,44
21025,2010,162
21025,2011,52
21025,2012,105
21025,2013,113
21025,2014,62
21025,2015,89
21025,2016,81
21025,2017,49
21025,2018,69.314
21025,2019,67.169
21025,2020,65.091
21027,2010,78
21027,2011,61
21027,2012,47
21027,2013,79
21027,2014,38
21027,2015,26
21027,2016,53
21027,2017,60
21027,2018,45.45
21027,2019,43.974
21027,2020,42.546
21029,2010,316
21029,2011,347
21029,2012,330
21029,2013,326
21029,2014,313
21029,2015,295
21029,2016,283
21029,2017,364
21029,2018,311.61
21029,2019,308.94
21029,2020,306.29
21031,2010,102
21031,2011,66
21031,2012,72
21031,2013,47
21031,2014,53
21031,2015,48
21031,2016,87
21031,2017,43
21031,2018,54.042
21031,2019,52.79
21031,2020,51.566
21033,2010,78
21033,2011,58
21033,2012,111
21033,2013,47
21033,2014,67
21033,2015,97
21033,2016,85
21033,2017,76
21033,2018,84.855
21033,2019,86.885
21033,2020,88.964
21035,2010,97
21035,2011,101
21035,2012,104
21035,2013,111
21035,2014,143
21035,2015,95
21035,2016,225
21035,2017,175
21035,2018,214.45
21035,2019,242.21
21035,2020,273.56
21037,2010,852
21037,2011,1015
21037,2012,981
21037,2013,1084
21037,2014,1036
21037,2015,1075
21037,2016,1102
21037,2017,883
21037,2018,1002.9
21037,2019,997.47
21037,2020,992.04
21039,2010,26
21039,2012,13
21039,2014,11
21039,2015,12
21041,2010,99
21041,2011,125
21041,2012,191
21041,2013,165
21041,2014,185
21041,2015,130
21041,2016,170
21041,2017,234
21041,2018,211.31
21041,2019,223.02
21041,2020,235.38
21043,2010,354
21043,2011,306
21043,2012,291
21043,2013,174
21043,2014,224
21043,2015,212
21043,2016,190
21043,2017,158
21043,2018,144.82
21043,2019,130.84
21043,2020,118.22
21045,2010,148
21045,2011,114
21045,2012,138
21045,2013,112
21045,2014,104
21045,2015,195
21045,2016,114
21045,2017,102
21045,2018,125.44
21045,2019,125.41
21045,2020,125.37
21047,2010,439
21047,2011,367
21047,2012,181
21047,2013,350
21047,2014,398
21047,2015,261
21047,2016,390
21047,2017,260
21047,2018,316.39
21047,2019,316.67
21047,2020,316.95
21049,2010,214
21049,2011,257
21049,2012,241
21049,2013,192
21049,2014,260
21049,2015,204
21049,2016,224
21049,2017,214
21049,2018,206.2
21049,2019,201.27
21049,2020,196.46
21051,2010,208
21051,2011,273
21051,2012,228
21051,2013,228
21051,2014,209
21051,2015,207
21051,2016,270
21051,2017,60
21051,2018,144.88
21051,2019,132.41
21051,2020,121.01
21053,2010,75
21053,2011,35
21053,2012,60
21053,2013,34
21053,2014,72
21053,2015,67
21053,2016,74
21053,2017,65
21053,2018,81.293
21053,2019,88.685
21053,2020,96.749
21055,2010,34
21055,2011,37
21055,2012,22
21055,2013,40
21055,2014,29
21055,2015,30
21055,2016,33
21057,2010,17
21057,2011,29
21057,2012,20
21057,2013,11
21057,2014,39
21057,2015,37
21057,2016,64
21057,2017,44
21057,2018,63.928
21057,2019,75.492
21057,2020,89.148
21059,2010,591
21059,2011,588
21059,2012,547
21059,2013,594
21059,2014,672
21059,2015,614
21059,2016,629
21059,2017,625
21059,2018,652.44
21059,2019,663.64
21059,2020,675.03
21061,2010,78
21061,2011,86
21061,2012,54
21061,2013,40
21061,2014,34
21061,2015,55
21061,2016,50
21061,2017,59
21061,2018,42.046
21061,2019,39.591
21061,2020,37.28
21063,2010,91
21063,2011,53
21063,2012,35
21063,2013,19
21063,2014,47
21063,2015,25
21063,2016,22
21063,2017,32
21063,2018,21.856
21063,2019,19.788
21063,2020,17.915
21065,2010,85
21065,2011,31
21065,2012,60
21065,2013,10
21065,2014,99
21065,2015,27
21065,2016,86
21065,2017,121
21065,2018,130.13
21065,2019,162.39
21065,2020,202.65
21067,2010,1967
21067,2011,1831
21067,2012,1704
21067,2013,1919
21067,2014,1589
21067,2015,1661
21067,2016,1325
21067,2017,2004
21067,2018,1646.1
21067,2019,1628.4
21067,2020,1611
21069,2010,88
21069,2011,66
21069,2012,105
21069,2013,24
21069,2014,25
21069,2015,68
21069,2016,46
21069,2017,65
21069,2018,45.012
21069,2019,42.52
21069,2020,40.166
21071,2010,306
21071,2011,230
21071,2012,148
21071,2013,161
21071,2014,271
21071,2015,318
21071,2016,299
21071,2017,371
21071,2018,413.54
21071,2019,470.37
21071,2020,535.02
21073,2010,430
21073,2011,361
21073,2012,375
21073,2013,420
21073,2014,312
21073,2015,332
21073,2016,408
21073,2017,403
21073,2018,388.54
21073,2019,392.54
21073,2020,396.59
21075,2010,74
21075,2011,81
21075,2012,89
21075,2013,39
21075,2014,56
21075,2015,49
21075,2016,73
21075,2017,100
21075,2018,75.968
21075,2019,77.685
21075,2020,79.441
21077,2010,40
21077,2011,48
21077,2012,84
21077,2013,57
21077,2014,74
21077,2015,63
21077,2016,17
21077,2017,35
21077,2018,36.746
21077,2019,33.481
21077,2020,30.507
21079,2010,77
21079,2011,52
21079,2012,56
21079,2013,24
21079,2014,35
21079,2015,17
21079,2016,60
21079,2017,65
21079,2018,51.952
21079,2019,54.187
21079,2020,56.519
21081,2010,133
21081,2011,119
21081,2012,160
21081,2013,117
21081,2014,259
21081,2015,186
21081,2016,218
21081,2017,201
21081,2018,244.65
21081,2019,264.85
21081,2020,286.72
21083,2010,217
21083,2011,297
21083,2012,185
21083,2013,226
21083,2014,298
21083,2015,295
21083,2016,306
21083,2017,306
21083,2018,326.32
21083,2019,341.51
21083,2020,357.4
21085,2010,257
21085,2011,165
21085,2012,133
21085,2013,100
21085,2014,183
21085,2015,121
21085,2016,122
21085,2017,157
21085,2018,136.41
21085,2019,135.49
21085,2020,134.58
21087,2010,59
21087,2011,29
21087,2012,35
21087,2013,30
21087,2014,33
21087,2015,37
21087,2016,13
21087,2017,47
21087,2018,34.631
21087,2019,35.33
21087,2020,36.043
21089,2010,108
21089,2011,125
21089,2012,161
21089,2013,151
21089,2014,122
21089,2015,152
21089,2016,124
21089,2017,93
21089,2018,111.76
21089,2019,107.18
21089,2020,102.78
21091,2014,37
21091,2016,17
21091,2017,14
21093,2010,631
21093,2011,791
21093,2012,724
21093,2013,513
21093,2014,703
21093,2015,598
21093,2016,618
21093,2017,685
21093,2018,596.2
21093,2019,581.08
21093,2020,566.35
21095,2010,419
21095,2011,434
21095,2012,736
21095,2013,333
21095,2014,397
21095,2015,425
21095,2016,351
21095,2017,413
21095,2018,342.5
21095,2019,322.12
21095,2020,302.95
21097,2010,106
21097,2011,47
21097,2012,105
21097,2013,153
21097,2014,148
21097,2015,192
21097,2016,160
21097,2017,88
21097,2018,161
21097,2019,170.74
21097,2020,181.07
21099,2010,76
21099,2011,104
21099,2012,118
21099,2013,73
21099,2014,92
21099,2015,70
21099,2016,70
21099,2017,67
21099,2018,58.232
21099,2019,53.224
21099,2020,48.647
21101,2010,222
21101,2011,136
21101,2012,179
21101,2013,180
21101,2014,190
21101,2015,262
21101,2016,370
21101,2017,255
21101,2018,360.56
21101,2019,408.7
21101,2020,463.27
21103,2010,19
21103,2011,11
21103,2012,83
21103,2013,55
21103,2014,78
21103,2015,86
21103,2016,104
21103,2017,101
21103,2018,131.13
21103,2019,152.4
21103,2020,177.12
21105,2011,28
21105,2012,4
21105,2013,16
21105,2014,18
21105,2015,3
21105,2016,13
21107,2010,249
21107,2011,359
21107,2012,280
21107,2013,388
21107,2014,356
21107,2015,346
21107,2016,367
21107,2017,429
21107,2018,413.65
21107,2019,428.34
21107,2020,443.56
21109,2010,145
21109,2011,198
21109,2012,135
21109,2013,66
21109,2014,91
21109,2015,63
21109,2016,97
21109,2017,97
21109,2018,52.15
21109,2019,44.326
21109,2020,37.676
21111,2010,5426
21111,2011,5953
21111,2012,5494
21111,2013,5184
21111,2014,4512
21111,2015,3836
21111,2016,3825
21111,2017,4635
21111,2018,3599.7
21111,2019,3362.5
21111,2020,3141
21113,2010,316
21113,2011,341
21113,2012,246
21113,2013,204
21113,2014,363
21113,2015,215
21113,2016,195
21113,2017,230
21113,2018,199.97
21113,2019,188.3
21113,2020,177.31
21115,2010,243
21115,2011,170
21115,2012,111
21115,2013,186
21115,2014,180
21115,2015,213
21115,2016,133
21115,2017,170
21115,2018,176.02
21115,2019,178.6
21115,2020,181.22
21117,2010,1073
21117,2011,1104
21117,2012,1284
21117,2013,1520
21117,2014,1369
21117,2015,1124
21117,2016,1186
21117,2017,1891
21117,2018,1635.7
21117,2019,1717.2
21117,2020,1802.7
21119,2010,284
21119,2011,91
21119,2012,151
21119,2013,118
21119,2014,87
21119,2015,32
21119,2016,201
21119,2017,113
21119,2018,125.9
21119,2019,129.33
21119,2020,132.84
21121,2010,483
21121,2011,281
21121,2012,307
21121,2013,295
21121,2014,305
21121,2015,433
21121,2016,333
21121,2017,298
21121,2018,355.48
21121,2019,364.57
21121,2020,373.89
21123,2010,74
21123,2011,34
21123,2012,23
21123,2014,71
21123,2015,27
21123,2016,24
21123,2017,50
21125,2010,623
21125,2011,688
21125,2012,356
21125,2013,391
21125,2014,485
21125,2015,273
21125,2016,382
21125,2017,550
21125,2018,368.9
21125,2019,352.22
21125,2020,336.29
21127,2010,92
21127,2011,39
21127,2012,36
21127,2013,75
21127,2014,50
21127,2015,88
21127,2016,72
21127,2017,71
21127,2018,89.125
21127,2019,98.105
21127,2020,107.99
21129,2010,53
21129,2011,142
21129,2012,74
21129,2013,74
21129,2014,31
21129,2015,55
21129,2016,54
21129,2017,41
21129,2018,23.223
21129,2019,18.365
21129,2020,14.524
21131,2010,141
21131,2011,95
21131,2012,154
21131,2013,89
21131,2014,52
21131,2015,28
21131,2016,57
21131,2017,36
21131,2018,29.282
21131,2019,23.787
21131,2020,19.323
21133,2010,292
21133,2011,241
21133,2012,112
21133,2013,105
21133,2014,114
21133,2015,111
21133,2016,101
21133,2017,94
21133,2018,64.362
21133,2019,55.23
21133,2020,47.394
21135,2010,59
21135,2011,53
21135,2012,52
21135,2013,60
21135,2014,86
21135,2015,76
21135,2016,23
21135,2017,108
21135,2018,85.283
21135,2019,91.365
21135,2020,97.88
21137,2010,64
21137,2011,143
21137,2012,61
21137,2013,52
21137,2014,68
21137,2015,63
21137,2016,48
21137,2017,51
21137,2018,31.44
21137,2019,26.28
21137,2020,21.968
21139,2010,26
21139,2011,17
21139,2012,31
21139,2013,55
21139,2014,46
21139,2015,35
21139,2016,52
21139,2017,34
21139,2018,48.165
21139,2019,50.96
21139,2020,53.918
21141,2010,111
21141,2011,157
21141,2012,140
21141,2013,200
21141,2014,204
21141,2015,172
21141,2016,175
21141,2017,191
21141,2018,197.63
21141,2019,203.22
21141,2020,208.98
21143,2010,56
21143,2011,21
21143,2012,28
21143,2013,62
21143,2014,104
21143,2015,110
21143,2016,191
21143,2017,124
21143,2018,226.41
21143,2019,284.89
21143,2020,358.47
21145,2010,386
21145,2011,516
21145,2012,404
21145,2013,470
21145,2014,388
21145,2015,404
21145,2016,438
21145,2017,478
21145,2018,425.73
21145,2019,421.65
21145,2020,417.6
21147,2010,136
21147,2011,69
21147,2012,61
21147,2013,109
21147,2014,108
21147,2015,99
21147,2016,69
21147,2017,112
21147,2018,109.15
21147,2019,114.81
21147,2020,120.76
21149,2010,65
21149,2011,40
21149,2013,69
21149,2014,69
21149,2015,43
21149,2016,47
21149,2017,32
21151,2010,465
21151,2011,368
21151,2012,592
21151,2013,713
21151,2014,642
21151,2015,609
21151,2016,711
21151,2017,652
21151,2018,753.21
21151,2019,794.13
21151,2020,837.26
21153,2010,57
21153,2011,82
21153,2012,41
21153,2013,110
21153,2014,39
21153,2015,86
21153,2016,39
21153,2017,55
21153,2018,50.84
21153,2019,47.968
21153,2020,45.259
21155,2010,133
21155,2011,91
21155,2012,132
21155,2013,71
21155,2014,124
21155,2015,173
21155,2016,214
21155,2017,289
21155,2018,329.15
21155,2019,411.14
21155,2020,513.56
21157,2010,76
21157,2011,60
21157,2012,100
21157,2013,78
21157,2014,73
21157,2015,71
21157,2016,58
21157,2017,117
21157,2018,92.427
21157,2019,96.037
21157,2020,99.788
21159,2010,90
21159,2011,63
21159,2012,41
21159,2013,45
21159,2014,42
21159,2015,278
21159,2016,74
21159,2017,162
21159,2018,210.31
21159,2019,255.75
21159,2020,311.02
21161,2010,286
21161,2011,189
21161,2012,197
21161,2013,174
21161,2014,218
21161,2015,122
21161,2016,122
21161,2017,105
21161,2018,108.99
21161,2019,99.249
21161,2020,90.382
21163,2010,51
21163,2011,90
21163,2012,273
21163,2013,236
21163,2014,181
21163,2015,115
21163,2016,87
21163,2017,106
21163,2018,110.3
21163,2019,101.48
21163,2020,93.361
21165,2010,29
21165,2011,34
21165,2012,17
21165,2013,16
21165,2014,8
21165,2015,6
21165,2017,9
21167,2010,86
21167,2011,168
21167,2012,65
21167,2013,45
21167,2014,154
21167,2015,73
21167,2016,137
21167,2017,160
21167,2018,142.44
21167,2019,150.77
21167,2020,159.59
21169,2010,78
21169,2011,62
21169,2012,44
21169,2013,19
21169,2014,34
21169,2015,29
21169,2016,28
21171,2010,114
21171,2011,48
21171,2012,59
21171,2013,17
21171,2015,19
21171,2016,48
21171,2017,126
21173,2010,230
21173,2011,324
21173,2012,294
21173,2013,321
21173,2014,329
21173,2015,246
21173,2016,201
21173,2017,241
21173,2018,215.26
21173,2019,202.06
21173,2020,189.67
21175,2010,58
21175,2011,86
21175,2012,19
21175,2013,25
21175,2014,12
21175,2015,28
21175,2016,40
21175,2017,44
21175,2018,20.787
21175,2019,18.305
21175,2020,16.12
21177,2010,143
21177,2011,186
21177,2012,174
21177,2013,331
21177,2014,232
21177,2015,219
21177,2016,225
21177,2017,151
21177,2018,203.02
21177,2019,199.72
21177,2020,196.48
21179,2010,148
21179,2011,170
21179,2012,202
21179,2013,192
21179,2014,248
21179,2015,268
21179,2016,359
21179,2017,468
21179,2018,520.31
21179,2019,625.35
21179,2020,751.6
21181,2010,90
21181,2011,49
21181,2012,27
21181,2013,94
21181,2014,34
21181,2015,56
21181,2016,57
21181,2017,37
21181,2018,48.805
21181,2019,48.374
21181,2020,47.948
21183,2010,167
21183,2011,66
21183,2012,125
21183,2013,81
21183,2014,72
21183,2015,72
21183,2016,193
21183,2017,180
21183,2018,204.38
21183,2019,242.26
21183,2020,287.16
21185,2010,106
21185,2011,103
21185,2012,82
21185,2013,86
21185,2014,85
21185,2015,149
21185,2016,116
21185,2017,135
21185,2018,145.54
21185,2019,157.36
21185,2020,170.14
21187,2010,35
21187,2011,28
21187,2012,61
21187,2013,46
21187,2014,51
21187,2015,32
21187,2016,36
21187,2017,44
21187,2018,40.48
21187,2019,39.976
21187,2020,39.479
21189,2010,31
21189,2011,108
21189,2012,29
21189,2013,13
21189,2014,34
21189,2015,27
21189,2016,12
21189,2017,15
21189,2018,3.6745
21189,2019,2.3419
21189,2020,1.4926
21191,2010,97
21191,2011,119
21191,2012,105
21191,2013,144
21191,2014,97
21191,2015,78
21191,2016,30
21191,2017,51
21191,2018,47.007
21191,2019,40.443
21191,2020,34.796
21193,2010,599
21193,2011,721
21193,2012,614
21193,2013,389
21193,2014,362
21193,2015,420
21193,2016,725
21193,2017,445
21193,2018,437.2
21193,2019,418.14
21193,2020,399.91
21195,2010,332
21195,2011,390
21195,2012,312
21195,2013,378
21195,2014,462
21195,2015,354
21195,2016,349
21195,2017,354
21195,2018,363.32
21195,2019,361.37
21195,2020,359.42
21197,2010,141
21197,2011,116
21197,2012,108
21197,2013,206
21197,2014,241
21197,2015,89
21197,2016,167
21197,2017,123
21197,2018,152.71
21197,2019,153.39
21197,2020,154.08
21199,2010,610
21199,2011,271
21199,2012,285
21199,2013,231
21199,2014,251
21199,2015,606
21199,2016,426
21199,2017,448
21199,2018,557.7
21199,2019,626.45
21199,2020,703.67
21201,2010,19
21201,2011,19
21201,2012,19
21201,2013,6
21201,2014,12
21201,2015,17
21201,2016,5
21203,2010,198
21203,2011,225
21203,2012,184
21203,2013,113
21203,2014,223
21203,2015,297
21203,2016,219
21203,2017,195
21203,2018,232.12
21203,2019,238.67
21203,2020,245.4
21205,2010,343
21205,2011,275
21205,2012,238
21205,2013,155
21205,2014,292
21205,2015,272
21205,2016,130
21205,2017,127
21205,2018,149.91
21205,2019,137.79
21205,2020,126.65
21207,2010,122
21207,2011,74
21207,2012,62
21207,2013,64
21207,2014,44
21207,2015,66
21207,2016,100
21207,2017,138
21207,2018,133.41
21207,2019,155.55
21207,2020,181.36
21209,2010,178
21209,2011,80
21209,2012,264
21209,2013,328
21209,2014,213
21209,2015,56
21209,2016,185
21209,2017,114
21209,2018,142.89
21209,2019,135.53
21209,2020,128.55
21211,2010,124
21211,2011,127
21211,2012,86
21211,2013,107
21211,2014,155
21211,2015,224
21211,2016,214
21211,2017,188
21211,2018,249.36
21211,2019,281.72
21211,2020,318.27
21213,2010,93
21213,2011,115
21213,2012,184
21213,2013,162
21213,2014,94
21213,2015,59
21213,2016,141
21213,2017,144
21213,2018,113.62
21213,2019,110.26
21213,2020,106.99
21215,2010,40
21215,2011,62
21215,2012,47
21215,2013,35
21215,2014,29
21215,2015,31
21215,2016,29
21215,2017,41
21215,2018,24.179
21215,2019,21.605
21215,2020,19.305
21217,2010,202
21217,2011,106
21217,2012,111
21217,2013,130
21217,2014,96
21217,2015,171
21217,2016,156
21217,2017,186
21217,2018,199.67
21217,2019,220.83
21217,2020,244.23
21219,2010,47
21219,2011,30
21219,2012,27
21219,2013,38
21219,2014,32
21219,2015,49
21219,2016,33
21221,2010,34
21221,2012,21
21221,2013,35
21221,2014,48
21221,2015,50
21221,2016,32
21221,2017,21
21223,2010,22
21223,2011,9
21223,2012,57
21223,2013,96
21223,2014,75
21223,2015,51
21223,2016,47
21223,2017,29
21223,2018,51.504
21223,2019,51.381
21223,2020,51.258
21225,2011,73
21225,2012,55
21225,2013,53
21225,2014,27
21225,2015,49
21225,2016,37
21227,2010,620
21227,2011,503
21227,2012,471
21227,2013,379
21227,2014,452
21227,2015,439
21227,2016,476
21227,2017,521
21227,2018,482.21
21227,2019,487.16
21227,2020,492.17
21229,2010,42
21229,2011,42
21229,2012,19
21229,2013,10
21229,2014,37
21229,2015,47
21229,2016,28
21229,2017,44
21229,2018,43.091
21229,2019,46.433
21229,2020,50.035
21231,2010,229
21231,2011,173
21231,2012,100
21231,2013,29
21231,2014,90
21231,2015,121
21231,2016,223
21231,2017,332
21231,2018,295.03
21231,2019,389.39
21231,2020,513.93
21233,2010,57
21233,2011,51
21233,2012,59
21233,2013,49
21233,2014,38
21233,2015,10
21233,2016,46
21233,2017,18
21233,2018,20.369
21233,2019,17.539
21233,2020,15.102
21235,2010,579
21235,2011,275
21235,2012,488
21235,2013,443
21235,2014,307
21235,2015,207
21235,2016,226
21235,2017,213
21235,2018,204.63
21235,2019,185.45
21235,2020,168.06
21237,2010,37
21237,2011,66
21237,2012,60
21237,2013,51
21237,2014,35
21237,2015,138
21237,2016,45
21237,2017,35
21237,2018,57.023
21237,2019,55.979
21237,2020,54.955
21239,2010,91
21239,2011,40
21239,2012,180
21239,2013,70
21239,2014,87
21239,2015,81
21239,2016,90
21239,2017,115
21239,2018,102.84
21239,2019,105.01
21239,2020,107.21
39001,2010,527
39001,2011,314
39001,2012,434
39001,2013,341
39001,2014,409
39001,2015,356
39001,2016,365
39001,2017,268
39001,2018,322.19
39001,2019,314.49
39001,2020,306.97
39003,2010,580
39003,2011,595
39003,2012,718
39003,2013,750
39003,2014,930
39003,2015,835
39003,2016,712
39003,2017,439
39003,2018,664.61
39003,2019,653.49
39003,2020,642.56
39005,2010,766
39005,2011,744
39005,2012,881
39005,2013,872
39005,2014,850
39005,2015,1228
39005,2016,1202
39005,2017,990
39005,2018,1227.2
39005,2019,1305
39005,2020,1387.6
39007,2010,571
39007,2011,672
39007,2012,1078
39007,2013,1066
39007,2014,1267
39007,2015,1419
39007,2016,1200
39007,2017,919
39007,2018,1264.2
39007,2019,1313
39007,2020,1363.7
39009,2010,664
39009,2011,747
39009,2012,708
39009,2013,822
39009,2014,704
39009,2015,640
39009,2016,698
39009,2017,699
39009,2018,668.65
39009,2019,657.21
39009,2020,645.97
39011,2010,184
39011,2011,171
39011,2012,250
39011,2013,216
39011,2014,222
39011,2015,236
39011,2016,251
39011,2017,247
39011,2018,264.46
39011,2019,274.78
39011,2020,285.5
39013,2010,231
39013,2011,425
39013,2012,369
39013,2013,647
39013,2014,664
39013,2015,583
39013,2016,446
39013,2017,503
39013,2018,562.05
39013,2019,573.29
39013,2020,584.75
39015,2010,213
39015,2011,213
39015,2012,288
39015,2013,260
39015,2014,285
39015,2015,503
39015,2016,340
39015,2017,305
39015,2018,402.45
39015,2019,429.09
39015,2020,457.49
39017,2010,1825
39017,2011,1849
39017,2012,2053
39017,2013,2894
39017,2014,2631
39017,2015,2594
39017,2016,2706
39017,2017,3162
39017,2018,3313.6
39017,2019,3543.6
39017,2020,3789.6
39019,2010,57
39019,2011,98
39019,2012,73
39019,2013,78
39019,2014,83
39019,2015,49
39019,2016,56
39019,2017,71
39019,2018,53.037
39019,2019,49.193
39019,2020,45.627
39021,2010,214
39021,2011,119
39021,2012,98
39021,2013,215
39021,2014,199
39021,2015,482
39021,2016,275
39021,2017,212
39021,2018,356.59
39021,2019,399.27
39021,2020,447.04
39023,2010,186
39023,2011,114
39023,2012,132
39023,2013,354
39023,2014,284
39023,2015,608
39023,2016,915
39023,2017,1154
39023,2018,1791.8
39023,2019,2593.6
39023,2020,3754.3
39025,2010,752
39025,2011,890
39025,2012,791
39025,2013,803
39025,2014,1038
39025,2015,1052
39025,2016,1208
39025,2017,1432
39025,2018,1498.6
39025,2019,1655.4
39025,2020,1828.7
39027,2010,455
39027,2011,360
39027,2012,431
39027,2013,361
39027,2014,492
39027,2015,594
39027,2016,542
39027,2017,603
39027,2018,673.38
39027,2019,734.4
39027,2020,800.94
39029,2010,341
39029,2011,365
39029,2012,441
39029,2013,732
39029,2014,1199
39029,2015,1066
39029,2016,1315
39029,2017,846
39029,2018,1373.3
39029,2019,1551.5
39029,2020,1752.8
39031,2010,75
39031,2011,42
39031,2012,86
39031,2013,109
39031,2014,101
39031,2015,199
39031,2016,204
39031,2017,233
39031,2018,316.24
39031,2019,395.6
39031,2020,494.89
39033,2010,218
39033,2011,174
39033,2012,412
39033,2013,412
39033,2014,618
39033,2015,530
39033,2016,515
39033,2017,330
39033,2018,526.45
39033,2019,554.98
39033,2020,585.06
39035,2010,3556
39035,2011,3754
39035,2012,17801
39035,2013,16443
39035,2014,16812
39035,2015,15362
39035,2016,17469
39035,2017,22133
39035,2018,24111
39035,2019,26982
39035,2020,30194
39037,2010,156
39037,2011,203
39037,2012,143
39037,2013,200
39037,2014,270
39037,2015,262
39037,2016,162
39037,2017,225
39037,2018,232.58
39037,2019,238.87
39037,2020,245.33
39039,2010,589
39039,2011,431
39039,2012,469
39039,2013,728
39039,2014,744
39039,2015,875
39039,2016,658
39039,2017,570
39039,2018,763.5
39039,2019,798.68
39039,2020,835.48
39041,2010,1774
39041,2011,1222
39041,2012,625
39041,2013,686
39041,2014,1035
39041,2015,1022
39041,2016,751
39041,2017,678
39041,2018,719.11
39041,2019,688.37
39041,2020,658.95
39043,2010,552
39043,2011,689
39043,2012,834
39043,2013,1029
39043,2014,1329
39043,2015,1090
39043,2016,1267
39043,2017,972
39043,2018,1276.3
39043,2019,1348.1
39043,2020,1423.9
39045,2010,846
39045,2011,1204
39045,2012,1538
39045,2013,1715
39045,2014,1327
39045,2015,1561
39045,2016,1294
39045,2017,1030
39045,2018,1237.4
39045,2019,1204.2
39045,2020,1171.9
39047,2010,95
39047,2011,117
39047,2012,80
39047,2013,142
39047,2014,273
39047,2015,205
39047,2016,261
39047,2017,252
39047,2018,328.22
39047,2019,379.12
39047,2020,437.92
39049,2010,2921
39049,2011,5503
39049,2012,5546
39049,2013,8897
39049,2014,9277
39049,2015,8909
39049,2016,9594
39049,2017,9268
39049,2018,11042
39049,2019,11947
39049,2020,12925
39051,2010,65
39051,2011,118
39051,2012,189
39051,2013,128
39051,2014,133
39051,2015,223
39051,2016,144
39051,2017,182
39051,2018,188.95
39051,2019,197.29
39051,2020,206
39053,2010,416
39053,2011,319
39053,2012,207
39053,2013,286
39053,2014,374
39053,2015,515
39053,2016,516
39053,2017,501
39053,2018,625.99
39053,2019,711.16
39053,2020,807.91
39055,2010,114
39055,2011,82
39055,2012,151
39055,2013,204
39055,2014,371
39055,2015,315
39055,2016,253
39055,2017,206
39055,2018,315.23
39055,2019,342.88
39055,2020,372.96
39057,2010,964
39057,2011,840
39057,2012,846
39057,2013,909
39057,2014,1109
39057,2015,1384
39057,2016,1323
39057,2017,878
39057,2018,1256.8
39057,2019,1318.6
39057,2020,1383.3
39059,2010,316
39059,2011,325
39059,2012,399
39059,2013,458
39059,2014,602
39059,2015,767
39059,2016,704
39059,2017,814
39059,2018,985.82
39059,2019,1134.6
39059,2020,1305.9
39061,2010,13780
39061,2011,10837
39061,2012,10453
39061,2013,11063
39061,2014,12208
39061,2015,14406
39061,2016,17376
39061,2017,22074
39061,2018,23488
39061,2019,27051
39061,2020,31155
39063,2010,573
39063,2011,493
39063,2012,566
39063,2013,614
39063,2014,852
39063,2015,979
39063,2016,941
39063,2017,799
39063,2018,1054.1
39063,2019,1151.4
39063,2020,1257.8
39065,2010,326
39065,2011,446
39065,2012,556
39065,2013,369
39065,2014,197
39065,2015,295
39065,2016,186
39065,2017,191
39065,2018,147.26
39065,2019,123.22
39065,2020,103.1
39067,2011,38
39067,2012,35
39067,2013,54
39067,2014,12
39067,2015,63
39067,2016,49
39067,2017,44
39069,2010,50
39069,2011,117
39069,2012,115
39069,2013,62
39069,2014,37
39069,2015,49
39069,2016,27
39069,2017,7
39069,2018,13.892
39069,2019,10.129
39069,2020,7.3845
39071,2010,527
39071,2011,320
39071,2012,549
39071,2013,524
39071,2014,547
39071,2015,475
39071,2016,379
39071,2017,252
39071,2018,369.46
39071,2019,354.84
39071,2020,340.81
39073,2010,66
39073,2011,72
39073,2012,75
39073,2013,147
39073,2014,134
39073,2015,124
39073,2016,302
39073,2017,299
39073,2018,395.42
39073,2019,511.32
39073,2020,661.19
39075,2010,129
39075,2011,91
39075,2012,167
39075,2013,132
39075,2014,41
39075,2015,60
39075,2016,74
39075,2017,70
39075,2018,53.367
39075,2019,47.101
39075,2020,41.57
39077,2010,240
39077,2011,266
39077,2012,335
39077,2013,485
39077,2014,497
39077,2015,646
39077,2016,476
39077,2017,333
39077,2018,515.66
39077,2019,538.65
39077,2020,562.66
39079,2010,632
39079,2011,496
39079,2012,433
39079,2013,522
39079,2014,524
39079,2015,741
39079,2016,749
39079,2017,554
39079,2018,727.27
39079,2019,772.87
39079,2020,821.33
39081,2010,264
39081,2011,324
39081,2012,268
39081,2013,334
39081,2014,282
39081,2015,363
39081,2016,268
39081,2017,236
39081,2018,265.81
39081,2019,258.75
39081,2020,251.87
39083,2010,31
39083,2011,61
39083,2012,137
39083,2013,234
39083,2014,74
39083,2015,132
39083,2016,243
39083,2017,263
39083,2018,294.76
39083,2019,346.65
39083,2020,407.67
39085,2010,2726
39085,2011,3054
39085,2012,3368
39085,2013,3544
39085,2014,3416
39085,2015,4951
39085,2016,5849
39085,2017,6015
39085,2018,7006.4
39085,2019,7986.7
39085,2020,9104.3
39087,2010,156
39087,2011,188
39087,2012,298
39087,2013,245
39087,2014,322
39087,2015,336
39087,2016,330
39087,2017,433
39087,2018,455.21
39087,2019,504.96
39087,2020,560.14
39089,2010,1639
39089,2011,1813
39089,2012,1580
39089,2013,1403
39089,2014,1466
39089,2015,1692
39089,2016,1418
39089,2017,1162
39089,2018,1242.2
39089,2019,1185.3
39089,2020,1131.1
39091,2010,273
39091,2011,284
39091,2012,158
39091,2013,161
39091,2014,183
39091,2015,224
39091,2016,258
39091,2017,331
39091,2018,304.31
39091,2019,328.34
39091,2020,354.27
39093,2010,232
39093,2011,248
39093,2012,312
39093,2013,364
39093,2014,633
39093,2015,2185
39093,2016,2662
39093,2017,2268
39093,2018,4806.3
39093,2019,6709.1
39093,2020,9365.3
39095,2010,1995
39095,2011,1979
39095,2012,2235
39095,2013,2015
39095,2014,1337
39095,2015,2059
39095,2016,2025
39095,2017,1764
39095,2018,1771.6
39095,2019,1737.6
39095,2020,1704.2
39097,2010,447
39097,2011,417
39097,2012,516
39097,2013,404
39097,2014,684
39097,2015,453
39097,2016,468
39097,2017,373
39097,2018,450.91
39097,2019,445.44
39097,2020,440.04
39099,2010,2309
39099,2011,2139
39099,2012,1950
39099,2013,2008
39099,2014,2345
39099,2015,2321
39099,2016,2154
39099,2017,1511
39099,2018,1910.8
39099,2019,1875.3
39099,2020,1840.4
39101,2010,307
39101,2011,333
39101,2012,295
39101,2013,622
39101,2014,675
39101,2015,725
39101,2016,743
39101,2017,538
39101,2018,790
39101,2019,862.21
39101,2020,941.01
39103,2010,744
39103,2011,744
39103,2012,805
39103,2013,799
39103,2014,1035
39103,2015,1155
39103,2016,895
39103,2017,821
39103,2018,998.26
39103,2019,1026.7
39103,2020,1055.9
39105,2010,102
39105,2011,126
39105,2012,191
39105,2013,162
39105,2014,64
39105,2015,90
39105,2016,82
39105,2017,40
39105,2018,53.217
39105,2019,45.131
39105,2020,38.273
39107,2010,92
39107,2011,220
39107,2012,141
39107,2013,159
39107,2014,150
39107,2015,146
39107,2016,119
39107,2017,116
39107,2018,102.5
39107,2019,93.586
39107,2020,85.446
39109,2010,458
39109,2011,501
39109,2012,489
39109,2013,526
39109,2014,665
39109,2015,696
39109,2016,742
39109,2017,815
39109,2018,898.53
39109,2019,984.97
39109,2020,1079.7
39111,2010,2
39111,2011,15
39111,2012,27
39111,2013,60
39111,2014,137
39111,2015,92
39111,2016,62
39111,2017,139
39111,2018,160.91
39111,2019,195.29
39111,2020,237
39113,2010,7798
39113,2011,8041
39113,2012,8001
39113,2013,9436
39113,2014,8152
39113,2015,8359
39113,2016,8767
39113,2017,8609
39113,2018,8789.7
39113,2019,8869
39113,2020,8949.1
39115,2010,107
39115,2011,41
39115,2012,25
39115,2013,43
39115,2014,23
39115,2015,42
39115,2016,16
39115,2017,48
39115,2018,34.318
39115,2019,34.399
39115,2020,34.479
39117,2010,198
39117,2011,216
39117,2012,311
39117,2013,276
39117,2014,377
39117,2015,295
39117,2016,260
39117,2017,245
39117,2018,283.37
39117,2019,283.5
39117,2020,283.62
39119,2010,225
39119,2011,357
39119,2012,230
39119,2013,308
39119,2014,525
39119,2015,462
39119,2016,597
39119,2017,617
39119,2018,734.93
39119,2019,842.8
39119,2020,966.51
39121,2010,5
39121,2011,39
39121,2012,7
39121,2013,20
39121,2014,26
39121,2015,48
39121,2016,37
39121,2017,31
39121,2018,40.137
39121,2019,43.416
39121,2020,46.964
39123,2010,231
39123,2011,244
39123,2012,396
39123,2013,318
39123,2014,167
39123,2015,167
39123,2016,187
39123,2017,123
39123,2018,128.97
39123,2019,112.66
39123,2020,98.422
39125,2010,28
39125,2011,30
39125,2012,33
39125,2013,73
39125,2014,69
39125,2015,211
39125,2016,99
39125,2017,47
39125,2018,120.29
39125,2019,132.95
39125,2020,146.95
39127,2010,211
39127,2011,259
39127,2012,207
39127,2013,189
39127,2014,215
39127,2015,307
39127,2016,228
39127,2017,124
39127,2018,187.7
39127,2019,180.83
39127,2020,174.22
39129,2010,463
39129,2011,477
39129,2012,581
39129,2013,542
39129,2014,632
39129,2015,443
39129,2016,190
39129,2017,215
39129,2018,274.5
39129,2019,245.12
39129,2020,218.89
39131,2010,251
39131,2011,151
39131,2012,90
39131,2013,137
39131,2014,136
39131,2015,196
39131,2016,152
39131,2017,113
39131,2018,148.79
39131,2019,151.29
39131,2020,153.83
39133,2010,1263
39133,2011,1309
39133,2012,1468
39133,2013,2052
39133,2014,2119
39133,2015,2049
39133,2016,1616
39133,2017,1186
39133,2018,1676.5
39133,2019,1674.2
39133,2020,1671.9
39135,2010,98
39135,2011,70
39135,2012,217
39135,2013,202
39135,2014,120
39135,2015,131
39135,2016,262
39135,2017,317
39135,2018,330.21
39135,2019,385.78
39135,2020,450.7
39137,2010,38
39137,2011,20
39137,2012,23
39137,2013,11
39137,2015,31
39137,2016,43
39137,2017,21
39139,2010,617
39139,2011,497
39139,2012,458
39139,2013,600
39139,2014,782
39139,2015,886
39139,2016,847
39139,2017,649
39139,2018,893.44
39139,2019,960.49
39139,2020,1032.6
39141,2010,948
39141,2011,772
39141,2012,528
39141,2013,614
39141,2014,601
39141,2015,649
39141,2016,545
39141,2017,608
39141,2018,556.05
39141,2019,542.03
39141,2020,528.37
39143,2010,158
39143,2011,137
39143,2012,400
39143,2013,335
39143,2014,472
39143,2015,542
39143,2016,789
39143,2017,462
39143,2018,756.7
39143,2019,866.65
39143,2020,992.58
39145,2010,805
39145,2011,826
39145,2012,888
39145,2013,772
39145,2014,707
39145,2015,734
39145,2016,772
39145,2017,607
39145,2018,635.16
39145,2019,608.28
39145,2020,582.53
39147,2010,225
39147,2011,292
39147,2012,201
39147,2013,404
39147,2014,410
39147,2015,426
39147,2016,361
39147,2017,222
39147,2018,347.13
39147,2019,351.34
39147,2020,355.6
39149,2010,383
39149,2011,368
39149,2012,309
39149,2013,380
39149,2014,343
39149,2015,391
39149,2016,406
39149,2017,300
39149,2018,356.85
39149,2019,356.89
39149,2020,356.92
39151,2010,2991
39151,2011,2844
39151,2012,557
39151,2013,416
39151,2014,4027
39151,2015,3670
39151,2016,4699
39151,2017,4686
39151,2018,6327.9
39151,2019,7826.6
39151,2020,9680.2
39153,2010,1380
39153,2011,1372
39153,2012,1335
39153,2013,1553
39153,2014,1439
39153,2015,1810
39153,2016,1993
39153,2017,3036
39153,2018,3036.7
39153,2019,3517.4
39153,2020,4074.3
39155,2010,1159
39155,2011,1012
39155,2012,1298
39155,2013,1331
39155,2014,1669
39155,2015,1878
39155,2016,1501
39155,2017,1498
39155,2018,1796.6
39155,2019,1896
39155,2020,2000.9
39157,2010,390
39157,2011,312
39157,2012,225
39157,2013,326
39157,2014,469
39157,2015,477
39157,2016,398
39157,2017,453
39157,2018,521.22
39157,2019,565.76
39157,2020,614.11
39159,2010,171
39159,2011,285
39159,2012,363
39159,2013,162
39159,2014,208
39159,2015,226
39159,2016,260
39159,2017,242
39159,2018,209.62
39159,2019,200.91
39159,2020,192.57
39161,2010,149
39161,2011,184
39161,2012,196
39161,2013,109
39161,2014,235
39161,2015,157
39161,2016,124
39161,2017,146
39161,2018,137
39161,2019,131.02
39161,2020,125.3
39163,2010,52
39163,2011,71
39163,2012,94
39163,2013,110
39163,2014,96
39163,2015,160
39163,2016,182
39163,2017,38
39163,2018,122.8
39163,2019,127.05
39163,2020,131.46
39165,2010,842
39165,2011,1057
39165,2012,1139
39165,2013,1391
39165,2014,1264
39165,2015,1356
39165,2016,1502
39165,2017,1196
39165,2018,1428.5
39165,2019,1471
39165,2020,1514.9
39167,2010,366
39167,2011,313
39167,2012,323
39167,2013,373
39167,2014,392
39167,2015,446
39167,2016,580
39167,2017,562
39167,2018,654.14
39167,2019,732.83
39167,2020,821
39169,2010,449
39169,2011,614
39169,2012,640
39169,2013,643
39169,2014,624
39169,2015,730
39169,2016,847
39169,2017,798
39169,2018,865.28
39169,2019,914.05
39169,2020,965.58
39171,2010,4
39171,2011,12
39171,2012,30
39171,2013,45
39171,2014,19
39171,2015,16
39171,2016,39
39171,2017,27
39171,2018,31.599
39171,2019,32.933
39171,2020,34.323
39173,2010,649
39173,2011,723
39173,2012,708
39173,2013,772
39173,2014,843
39173,2015,804
39173,2016,607
39173,2017,365
39173,2018,547.34
39173,2019,517.4
39173,2020,489.1
39175,2010,21
39175,2011,16
39175,2012,9
39175,2013,35
39175,2014,109
39175,2015,129
39175,2016,147
39175,2017,188
39175,2018,330.15
39175,2019,457.28
39175,2020,633.37
42001,2010,334
42001,2011,297
42001,2012,269
42001,2013,308
42001,2014,277
42001,2015,420
42001,2016,475
42001,2017,399
42001,2018,484.33
42001,2019,527.62
42001,2020,574.78
42003,2010,8500
42003,2011,8004
42003,2012,8196
42003,2013,8585
42003,2014,9286
42003,2015,8938
42003,2016,9025
42003,2017,8247
42003,2018,8995.8
42003,2019,9095.1
42003,2020,9195.4
42005,2010,344
42005,2011,406
42005,2012,290
42005,2013,148
42005,2014,263
42005,2015,248
42005,2016,271
42005,2017,149
42005,2018,160.85
42005,2019,144.47
42005,2020,129.76
42007,2010,625
42007,2011,575
42007,2012,631
42007,2013,501
42007,2014,602
42007,2015,630
42007,2016,748
42007,2017,624
42007,2018,692.66
42007,2019,713.65
42007,2020,735.27
42009,2010,150
42009,2011,158
42009,2012,205
42009,2013,197
42009,2014,133
42009,2015,209
42009,2016,144
42009,2017,188
42009,2018,173.46
42009,2019,172.76
42009,2020,172.07
42011,2010,2146
42011,2011,2369
42011,2012,2463
42011,2013,2634
42011,2014,2668
42011,2015,2476
42011,2016,2780
42011,2017,2461
42011,2018,2656.4
42011,2019,2683.8
42011,2020,2711.5
42013,2010,662
42013,2011,607
42013,2012,574
42013,2013,407
42013,2014,768
42013,2015,630
42013,2016,499
42013,2017,476
42013,2018,523.62
42013,2019,513.65
42013,2020,503.88
42015,2010,145
42015,2011,170
42015,2012,339
42015,2013,284
42015,2014,229
42015,2015,218
42015,2016,219
42015,2017,118
42015,2018,174.37
42015,2019,163.79
42015,2020,153.86
42017,2010,6140
42017,2011,6735
42017,2012,4915
42017,2013,643
42017,2014,5945
42017,2015,2030
42017,2016,447
42017,2017,402
42017,2018,734.07
42017,2019,538.55
42017,2020,395.11
42019,2010,310
42019,2011,403
42019,2012,349
42019,2013,296
42019,2014,482
42019,2015,379
42019,2016,400
42019,2017,442
42019,2018,438.98
42019,2019,451.49
42019,2020,464.35
42021,2010,483
42021,2011,655
42021,2012,572
42021,2013,837
42021,2014,859
42021,2015,738
42021,2016,721
42021,2017,311
42021,2018,576.34
42021,2019,555.23
42021,2020,534.89
42023,2010,7
42023,2012,24
42023,2013,74
42023,2015,8
42025,2010,209
42025,2011,306
42025,2012,277
42025,2013,349
42025,2014,395
42025,2015,313
42025,2016,213
42025,2017,264
42025,2018,266.27
42025,2019,258.04
42025,2020,250.06
42027,2010,1028
42027,2011,848
42027,2012,479
42027,2013,504
42027,2014,462
42027,2015,505
42027,2016,533
42027,2017,539
42027,2018,430.06
42027,2019,404.8
42027,2020,381.02
42029,2010,1979
42029,2011,2189
42029,2012,1499
42029,2013,1436
42029,2014,1555
42029,2015,1599
42029,2016,1521
42029,2017,1456
42029,2018,1324.4
42029,2019,1263.4
42029,2020,1205.1
42031,2010,221
42031,2011,244
42031,2012,174
42031,2013,182
42031,2014,115
42031,2015,137
42031,2016,125
42031,2017,105
42031,2018,85.34
42031,2019,74.325
42031,2020,64.733
42033,2010,218
42033,2011,199
42033,2012,140
42033,2013,204
42033,2014,268
42033,2015,260
42033,2016,178
42033,2017,227
42033,2018,241.49
42033,2019,249.95
42033,2020,258.71
42035,2010,118
42035,2011,111
42035,2012,140
42035,2013,75
42035,2014,149
42035,2015,166
42035,2016,155
42035,2017,93
42035,2018,136.01
42035,2019,138.38
42035,2020,140.79
42037,2010,131
42037,2011,367
42037,2012,408
42037,2013,368
42037,2014,376
42037,2015,339
42037,2016,392
42037,2017,297
42037,2018,327.74
42037,2019,319.39
42037,2020,311.25
42039,2010,433
42039,2011,381
42039,2012,368
42039,2013,535
42039,2014,513
42039,2015,449
42039,2016,645
42039,2017,398
42039,2018,541.92
42039,2019,561.91
42039,2020,582.64
42041,2010,310
42041,2011,214
42041,2012,291
42041,2013,144
42041,2014,166
42041,2015,200
42041,2016,103
42041,2017,84
42041,2018,94.95
42041,2019,82.612
42041,2020,71.877
42043,2010,2575
42043,2011,2514
42043,2012,2039
42043,2013,2066
42043,2014,2922
42043,2015,2848
42043,2016,2178
42043,2017,2801
42043,2018,2766.9
42043,2019,2844.5
42043,2020,2924.3
42045,2010,4534
42045,2011,4699
42045,2012,4576
42045,2013,5031
42045,2014,5219
42045,2015,5667
42045,2016,5364
42045,2017,4982
42045,2018,5513.5
42045,2019,5629.6
42045,2020,5748.2
42047,2010,123
42047,2011,103
42047,2012,109
42047,2013,44
42047,2014,131
42047,2015,97
42047,2016,82
42047,2017,86
42047,2018,85.95
42047,2019,84.257
42047,2020,82.598
42049,2010,1570
42049,2011,1620
42049,2012,1463
42049,2013,1289
42049,2014,1506
42049,2015,1520
42049,2016,1387
42049,2017,1363
42049,2018,1352.3
42049,2019,1329.1
42049,2020,1306.4
42051,2010,859
42051,2011,1007
42051,2012,901
42051,2013,897
42051,2014,995
42051,2015,817
42051,2016,825
42051,2017,714
42051,2018,734.27
42051,2019,702.57
42051,2020,672.23
42053,2010,23
42053,2011,31
42053,2014,27
42053,2015,8
42053,2016,14
42053,2017,29
42055,2010,755
42055,2011,706
42055,2012,565
42055,2013,598
42055,2014,561
42055,2015,509
42055,2016,407
42055,2017,316
42055,2018,338.7
42055,2019,305.38
42055,2020,275.34
42057,2010,122
42057,2011,117
42057,2012,34
42057,2013,71
42057,2014,48
42057,2015,18
42057,2016,30
42057,2017,16
42057,2018,11.646
42057,2019,8.5815
42057,2020,6.3233
42059,2010,179
42059,2011,140
42059,2012,128
42059,2013,184
42059,2014,163
42059,2015,190
42059,2016,204
42059,2017,172
42059,2018,206.08
42059,2019,216.92
42059,2020,228.32
42061,2010,174
42061,2011,221
42061,2012,145
42061,2013,125
42061,2014,142
42061,2015,155
42061,2016,133
42061,2017,201
42061,2018,151.39
42061,2019,149.27
42061,2020,147.17
42063,2010,604
42063,2011,740
42063,2012,322
42063,2013,225
42063,2014,191
42063,2015,216
42063,2016,298
42063,2017,172
42063,2018,88.886
42063,2019,67.893
42063,2020,51.859
42065,2010,200
42065,2011,252
42065,2012,219
42065,2013,220
42065,2014,281
42065,2015,132
42065,2016,60
42065,2017,97
42065,2018,93.531
42065,2019,80.191
42065,2020,68.754
42067,2010,40
42067,2011,28
42067,2012,92
42067,2013,64
42067,2014,56
42067,2015,52
42067,2016,31
42067,2017,85
42067,2018,63.688
42067,2019,65.131
42067,2020,66.608
42069,2010,1123
42069,2011,1006
42069,2012,864
42069,2013,790
42069,2014,879
42069,2015,1101
42069,2016,1171
42069,2017,1103
42069,2018,1181.5
42069,2019,1237.1
42069,2020,1295.4
42071,2010,1683
42071,2011,1866
42071,2012,1693
42071,2013,1500
42071,2014,1659
42071,2015,1758
42071,2016,1722
42071,2017,2625
42071,2018,2281
42071,2019,2414.7
42071,2020,2556.2
42073,2010,301
42073,2011,377
42073,2012,296
42073,2013,537
42073,2014,540
42073,2015,315
42073,2016,244
42073,2017,231
42073,2018,279.95
42073,2019,262.76
42073,2020,246.62
42075,2010,648
42075,2011,863
42075,2012,917
42075,2013,1148
42075,2014,1689
42075,2015,1468
42075,2016,1392
42075,2017,1538
42075,2018,1784.6
42075,2019,1941.8
42075,2020,2112.9
42077,2010,2385
42077,2011,2577
42077,2012,1215
42077,2013,1337
42077,2014,1130
42077,2015,843
42077,2016,796
42077,2017,693
42077,2018,430.44
42077,2019,341.1
42077,2020,270.3
42079,2010,1448
42079,2011,1712
42079,2012,1678
42079,2013,2129
42079,2014,2467
42079,2015,2307
42079,2016,2340
42079,2017,2977
42079,2018,3084.3
42079,2019,3357.3
42079,2020,3654.5
42081,2010,683
42081,2011,622
42081,2012,593
42081,2013,596
42081,2014,665
42081,2015,527
42081,2016,677
42081,2017,607
42081,2018,620.23
42081,2019,622.2
42081,2020,624.18
42083,2010,272
42083,2011,184
42083,2012,234
42083,2013,314
42083,2014,179
42083,2015,186
42083,2016,292
42083,2017,169
42083,2018,215.1
42083,2019,213.28
42083,2020,211.47
42085,2010,357
42085,2011,409
42085,2012,443
42085,2013,427
42085,2014,490
42085,2015,462
42085,2016,353
42085,2017,369
42085,2018,387.44
42085,2019,379.36
42085,2020,371.45
42087,2010,141
42087,2011,163
42087,2012,170
42087,2013,102
42087,2014,179
42087,2015,156
42087,2016,225
42087,2017,201
42087,2018,216.9
42087,2019,230.76
42087,2020,245.51
42089,2010,737
42089,2011,977
42089,2012,983
42089,2013,833
42089,2014,891
42089,2015,925
42089,2016,653
42089,2017,647
42089,2018,648.95
42089,2019,608.86
42089,2020,571.24
42091,2010,369
42091,2011,625
42091,2012,398
42091,2013,325
42091,2014,191
42091,2015,171
42091,2016,275
42091,2017,162
42091,2018,99.838
42091,2019,77.986
42091,2020,60.917
42093,2010,13
42093,2011,84
42093,2012,76
42093,2013,118
42093,2014,150
42093,2015,48
42093,2016,76
42093,2017,69
42093,2018,75.336
42093,2019,72.365
42093,2020,69.51
42095,2010,2009
42095,2011,1862
42095,2012,1049
42095,2013,1048
42095,2014,682
42095,2015,564
42095,2016,706
42095,2017,388
42095,2018,290.03
42095,2019,225.86
42095,2020,175.89
42097,2010,164
42097,2011,167
42097,2012,320
42097,2013,181
42097,2014,362
42097,2015,196
42097,2016,258
42097,2017,258
42097,2018,271.58
42097,2019,277.64
42097,2020,283.83
42099,2010,160
42099,2011,306
42099,2012,327
42099,2013,341
42099,2014,378
42099,2015,164
42099,2016,310
42099,2017,201
42099,2018,225.54
42099,2019,212.24
42099,2020,199.73
42101,2010,33513
42101,2011,26969
42101,2012,25279
42101,2013,21761
42101,2014,17597
42101,2015,21387
42101,2016,21194
42101,2017,19614
42101,2018,17707
42101,2019,16802
42101,2020,15944
42103,2010,144
42103,2011,185
42103,2012,149
42103,2013,139
42103,2014,107
42103,2015,146
42103,2016,157
42103,2017,102
42103,2018,110.04
42103,2019,103.68
42103,2020,97.687
42105,2010,147
42105,2011,170
42105,2012,170
42105,2013,154
42105,2014,167
42105,2015,140
42105,2016,55
42105,2017,98
42105,2018,84.954
42105,2019,75.921
42105,2020,67.848
42107,2010,733
42107,2011,827
42107,2012,837
42107,2013,956
42107,2014,1183
42107,2015,1523
42107,2016,1541
42107,2017,1209
42107,2018,1630.2
42107,2019,1783.2
42107,2020,1950.6
42109,2010,132
42109,2011,125
42109,2012,119
42109,2013,140
42109,2014,68
42109,2015,64
42109,2016,184
42109,2017,208
42109,2018,189.46
42109,2019,210.06
42109,2020,232.89
42111,2010,187
42111,2011,235
42111,2012,170
42111,2013,269
42111,2014,212
42111,2015,181
42111,2016,176
42111,2017,214
42111,2018,188.86
42111,2019,184.38
42111,2020,180.01
42113,2010,18
42113,2011,42
42113,2012,23
42113,2013,16
42113,2014,20
42113,2016,4
42113,2017,9
42115,2010,37
42115,2011,116
42115,2012,223
42115,2013,181
42115,2014,348
42115,2015,317
42115,2016,216
42115,2017,249
42115,2018,306.64
42115,2019,327.91
42115,2020,350.67
42117,2010,25
42117,2011,126
42117,2012,135
42117,2013,169
42117,2014,112
42117,2015,213
42117,2016,56
42117,2017,101
42117,2018,108.19
42117,2019,103.37
42117,2020,98.76
42119,2010,72
42119,2011,42
42119,2012,66
42119,2013,65
42119,2014,55
42119,2015,58
42119,2016,112
42119,2017,148
42119,2018,159.08
42119,2019,197.03
42119,2020,244.02
42121,2010,291
42121,2011,310
42121,2012,378
42121,2013,275
42121,2014,250
42121,2015,277
42121,2016,240
42121,2017,399
42121,2018,303.03
42121,2019,302.76
42121,2020,302.48
42123,2010,213
42123,2011,141
42123,2012,146
42123,2013,29
42123,2014,141
42123,2015,105
42123,2016,48
42123,2017,38
42123,2018,46.849
42123,2019,39.982
42123,2020,34.122
42125,2010,881
42125,2011,996
42125,2012,945
42125,2013,975
42125,2014,1040
42125,2015,1015
42125,2016,1054
42125,2017,789
42125,2018,924.76
42125,2019,913.05
42125,2020,901.48
42127,2010,152
42127,2011,99
42127,2012,140
42127,2013,38
42127,2014,118
42127,2015,99
42127,2016,78
42127,2017,43
42127,2018,61.147
42127,2019,56.042
42127,2020,51.363
42129,2010,1506
42129,2011,1647
42129,2012,1634
42129,2013,1669
42129,2014,1579
42129,2015,1381
42129,2016,1331
42129,2017,852
42129,2018,1056.3
42129,2019,979.77
42129,2020,908.76
42131,2010,120
42131,2011,117
42131,2012,131
42131,2013,114
42131,2014,195
42131,2015,235
42131,2016,222
42131,2017,114
42131,2018,200.56
42131,2019,212.04
42131,2020,224.18
42133,2010,3066
42133,2011,3417
42133,2012,3574
42133,2013,3872
42133,2014,3837
42133,2015,3889
42133,2016,3610
42133,2017,4012
42133,2018,4015.3
42133,2019,4086.7
42133,2020,4159.4
51001,2010,84
51001,2011,164
51001,2012,152
51001,2013,122
51001,2014,167
51001,2015,98
51001,2016,114
51001,2017,85
51001,2018,88.201
51001,2019,80.549
51001,2020,73.56
51003,2010,282
51003,2011,239
51003,2012,172
51003,2013,176
51003,2014,269
51003,2015,222
51003,2016,286
51003,2017,227
51003,2018,263.37
51003,2019,273.46
51003,2020,283.93
51005,2010,154
51005,2011,106
51005,2012,123
51005,2013,87
51005,2014,220
51005,2015,235
51005,2016,177
51005,2017,231
51005,2018,272.26
51005,2019,309.08
51005,2020,350.88
51007,2010,94
51007,2011,69
51007,2012,78
51007,2013,169
51007,2014,91
51007,2015,3
51007,2016,12
51007,2017,45
51007,2018,35.004
51007,2019,30.018
51007,2020,25.742
51009,2010,411
51009,2011,168
51009,2012,307
51009,2013,240
51009,2014,187
51009,2015,127
51009,2016,211
51009,2017,300
51009,2018,234.32
51009,2019,238.07
51009,2020,241.89
51011,2010,39
51011,2011,44
51011,2012,64
51011,2013,49
51011,2014,80
51011,2015,48
51011,2016,99
51011,2017,129
51011,2018,136.16
51011,2019,162.45
51011,2020,193.83
51013,2010,610
51013,2011,673
51013,2012,788
51013,2013,849
51013,2014,859
51013,2015,907
51013,2016,1173
51013,2017,1071
51013,2018,1225.4
51013,2019,1326.9
51013,2020,1436.9
51015,2010,344
51015,2011,324
51015,2012,308
51015,2013,246
51015,2014,425
51015,2015,238
51015,2016,469
51015,2017,471
51015,2018,484.41
51015,2019,525.98
51015,2020,571.11
51017,2010,40
51017,2011,61
51017,2012,28
51017,2013,30
51017,2014,21
51017,2015,26
51017,2016,14
51017,2017,37
51017,2018,15.428
51017,2019,13.169
51017,2020,11.24
51019,2010,177
51019,2011,297
51019,2012,370
51019,2013,400
51019,2014,377
51019,2015,290
51019,2016,282
51019,2017,542
51019,2018,438.03
51019,2019,458.92
51019,2020,480.8
51021,2010,25
51021,2011,25
51021,2012,38
51021,2013,25
51021,2014,17
51021,2015,27
51021,2016,32
51021,2017,22
51021,2018,23.93
51021,2019,23.319
51021,2020,22.725
51023,2010,175
51023,2011,199
51023,2012,172
51023,2013,197
51023,2014,205
51023,2015,162
51023,2016,209
51023,2017,277
51023,2018,248.55
51023,2019,261.9
51023,2020,275.97
51025,2010,131
51025,2011,66
51025,2012,157
51025,2013,88
51025,2014,88
51025,2015,69
51025,2016,135
51025,2017,94
51025,2018,102.57
51025,2019,103.34
51025,2020,104.11
51027,2010,185
51027,2011,161
51027,2012,217
51027,2013,235
51027,2014,190
51027,2015,306
51027,2016,236
51027,2017,371
51027,2018,372.3
51027,2019,416.22
51027,2020,465.31
51029,2010,136
51029,2011,144
51029,2012,113
51029,2013,176
51029,2014,139
51029,2015,103
51029,2016,109
51029,2017,144
51029,2018,121.26
51029,2019,118.62
51029,2020,116.04
51031,2010,209
51031,2011,190
51031,2012,356
51031,2013,205
51031,2014,170
51031,2015,87
51031,2016,232
51031,2017,300
51031,2018,214.17
51031,2019,212.74
51031,2020,211.32
51033,2010,138
51033,2011,260
51033,2012,210
51033,2013,205
51033,2014,195
51033,2015,163
51033,2016,170
51033,2017,238
51033,2018,177.51
51033,2019,171.19
51033,2020,165.1
51035,2010,166
51035,2011,224
51035,2012,282
51035,2013,209
51035,2014,248
51035,2015,274
51035,2016,362
51035,2017,268
51035,2018,321.3
51035,2019,337.01
51035,2020,353.48
51036,2012,12
51036,2013,28
51036,2014,5
51036,2015,4
51036,2017,7
51037,2010,75
51037,2011,33
51037,2012,83
51037,2013,127
51037,2014,78
51037,2015,71
51037,2016,50
51037,2017,60
51037,2018,67.145
51037,2019,66.055
51037,2020,64.981
51041,2010,1331
51041,2011,1586
51041,2012,2017
51041,2013,1964
51041,2014,2309
51041,2015,1805
51041,2016,1994
51041,2017,1908
51041,2018,2045.3
51041,2019,2072.6
51041,2020,2100.2
51043,2010,35
51043,2011,47
51043,2012,28
51043,2013,47
51043,2014,84
51043,2015,57
51043,2016,46
51043,2017,45
51043,2018,55.755
51043,2019,57.145
51043,2020,58.569
51045,2010,69
51045,2011,35
51045,2012,27
51045,2013,25
51045,2014,33
51045,2015,17
51045,2016,4
51045,2017,13
51045,2018,9.9854
51045,2019,8.3202
51045,2020,6.9327
51047,2010,492
51047,2011,528
51047,2012,586
51047,2013,470
51047,2014,448
51047,2015,288
51047,2016,419
51047,2017,467
51047,2018,360.15
51047,2019,339.8
51047,2020,320.6
51049,2010,64
51049,2011,38
51049,2012,55
51049,2013,97
51049,2014,64
51049,2015,26
51049,2016,33
51049,2017,49
51049,2018,42.41
51049,2019,40.395
51049,2020,38.475
51051,2010,103
51051,2011,104
51051,2012,66
51051,2013,123
51051,2014,172
51051,2015,125
51051,2016,134
51051,2017,285
51051,2018,277.75
51051,2019,335.62
51051,2020,405.55
51053,2010,131
51053,2011,110
51053,2012,91
51053,2013,117
51053,2014,103
51053,2015,72
51053,2016,64
51053,2017,67
51053,2018,61.999
51053,2019,56.823
51053,2020,52.079
51057,2010,94
51057,2011,117
51057,2012,150
51057,2013,123
51057,2014,51
51057,2015,47
51057,2016,114
51057,2017,58
51057,2018,54.658
51057,2019,48.104
51057,2020,42.335
51059,2010,3337
51059,2011,3833
51059,2012,3920
51059,2013,3515
51059,2014,3173
51059,2015,3153
51059,2016,4011
51059,2017,4209
51059,2018,3835.4
51059,2019,3873.5
51059,2020,3911.9
51061,2010,418
51061,2011,506
51061,2012,642
51061,2013,608
51061,2014,404
51061,2015,369
51061,2016,296
51061,2017,293
51061,2018,270.73
51061,2019,240.57
51061,2020,213.78
51063,2010,78
51063,2011,123
51063,2012,90
51063,2013,170
51063,2014,149
51063,2015,69
51063,2016,114
51063,2017,116
51063,2018,108.89
51063,2019,106.58
51063,2020,104.33
51065,2010,50
51065,2011,62
51065,2012,35
51065,2013,52
51065,2014,53
51065,2015,48
51065,2016,117
51065,2017,71
51065,2018,95.634
51065,2019,107.18
51065,2020,120.12
51067,2010,255
51067,2011,212
51067,2012,319
51067,2013,509
51067,2014,455
51067,2015,374
51067,2016,385
51067,2017,323
51067,2018,409.75
51067,2019,420.96
51067,2020,432.48
51069,2010,401
51069,2011,583
51069,2012,489
51069,2013,626
51069,2014,566
51069,2015,511
51069,2016,443
51069,2017,512
51069,2018,476.16
51069,2019,463.13
51069,2020,450.46
51071,2010,241
51071,2011,190
51071,2012,215
51071,2013,189
51071,2014,148
51071,2015,88
51071,2016,171
51071,2017,132
51071,2018,114.62
51071,2019,105.53
51071,2020,97.166
51073,2010,133
51073,2011,138
51073,2012,194
51073,2013,154
51073,2014,114
51073,2015,129
51073,2016,135
51073,2017,136
51073,2018,122.49
51073,2019,117.96
51073,2020,113.59
51075,2010,49
51075,2011,52
51075,2012,30
51075,2013,42
51075,2014,36
51075,2015,38
51075,2016,61
51075,2017,70
51075,2018,68.232
51075,2019,75.463
51075,2020,83.46
51077,2010,103
51077,2011,76
51077,2012,82
51077,2013,113
51077,2014,87
51077,2015,75
51077,2016,131
51077,2017,200
51077,2018,193.85
51077,2019,228.36
51077,2020,269.02
51079,2010,102
51079,2011,124
51079,2012,122
51079,2013,80
51079,2014,47
51079,2015,110
51079,2016,101
51079,2017,77
51079,2018,72.625
51079,2019,68.17
51079,2020,63.988
51081,2010,112
51081,2011,107
51081,2012,105
51081,2013,47
51081,2014,50
51081,2015,71
51081,2016,51
51081,2017,46
51081,2018,34.876
51081,2019,29.89
51081,2020,25.617
51083,2010,277
51083,2011,261
51083,2012,368
51083,2013,357
51083,2014,254
51083,2015,150
51083,2016,157
51083,2017,268
51083,2018,183.35
51083,2019,168.73
51083,2020,155.27
51085,2010,510
51085,2011,609
51085,2012,532
51085,2013,653
51085,2014,607
51085,2015,403
51085,2016,463
51085,2017,665
51085,2018,529.46
51085,2019,521.75
51085,2020,514.15
51087,2010,1154
51087,2011,1161
51087,2012,1332
51087,2013,1402
51087,2014,1489
51087,2015,1688
51087,2016,2128
51087,2017,2304
51087,2018,2566.3
51087,2019,2892.1
51087,2020,3259.3
51089,2010,164
51089,2011,160
51089,2012,260
51089,2013,182
51089,2014,278
51089,2015,257
51089,2016,214
51089,2017,368
51089,2018,346.72
51089,2019,379.68
51089,2020,415.78
51091,2010,3
51091,2012,2
51091,2014,6
51093,2010,169
51093,2011,137
51093,2012,216
51093,2013,248
51093,2014,197
51093,2015,170
51093,2016,170
51093,2017,159
51093,2018,172.34
51093,2019,169.27
51093,2020,166.25
51095,2010,237
51095,2011,215
51095,2012,281
51095,2013,186
51095,2014,193
51095,2015,164
51095,2016,133
51095,2017,422
51095,2018,285.5
51095,2019,302.92
51095,2020,321.4
51097,2012,77
51097,2013,33
51097,2014,33
51097,2015,45
51097,2016,31
51097,2017,65
51099,2010,128
51099,2011,140
51099,2012,85
51099,2013,134
51099,2014,140
51099,2015,141
51099,2016,114
51099,2017,227
51099,2018,198.71
51099,2019,218.1
51099,2020,239.38
51101,2010,48
51101,2011,31
51101,2012,36
51101,2013,26
51101,2014,68
51101,2015,21
51101,2016,34
51101,2017,71
51101,2018,60.666
51101,2019,67.375
51101,2020,74.826
51103,2010,24
51103,2011,34
51103,2012,44
51103,2013,41
51103,2014,32
51103,2015,35
51103,2016,62
51103,2017,60
51103,2018,63.015
51103,2019,69.337
51103,2020,76.294
51105,2010,108
51105,2011,78
51105,2012,186
51105,2013,160
51105,2014,213
51105,2015,183
51105,2016,233
51105,2017,337
51107,2010,902
51107,2011,996
51107,2012,861
51107,2013,922
51107,2014,849
51107,2015,833
51107,2016,755
51107,2017,856
51109,2010,184
51109,2011,145
51109,2012,194
51109,2013,112
51109,2014,191
51109,2015,149
51109,2016,109
51109,2017,120
51111,2010,110
51111,2011,85
51111,2012,89
51111,2013,74
51111,2014,101
51111,2015,57
51111,2016,44
51111,2017,55
51113,2010,68
51113,2011,41
51113,2012,43
51113,2013,36
51113,2014,56
51113,2015,42
51113,2016,45
51113,2017,35
51115,2010,40
51115,2011,32
51115,2012,66
51115,2013,64
51115,2014,55
51115,2015,74
51115,2016,46
51115,2017,24
51117,2010,171
51117,2011,163
51117,2012,371
51117,2013,206
51117,2014,166
51117,2015,135
51117,2016,199
51117,2017,203
51119,2010,30
51119,2011,75
51119,2012,52
51119,2013,40
51119,2014,29
51119,2015,26
51119,2016,39
51119,2017,70
51121,2010,691
51121,2011,761
51121,2012,792
51121,2013,963
51121,2014,849
51121,2015,980
51121,2016,1008
51121,2017,1224
51125,2010,94
51125,2011,73
51125,2012,61
51125,2013,104
51125,2014,91
51125,2015,38
51125,2016,161
51125,2017,467
51127,2010,105
51127,2011,94
51127,2012,120
51127,2013,97
51127,2014,97
51127,2015,71
51127,2016,57
51127,2017,79
51131,2011,67
51131,2012,88
51131,2013,62
51131,2014,81
51131,2015,63
51131,2016,81
51131,2017,31
51133,2010,32
51133,2011,52
51133,2012,50
51133,2013,64
51133,2014,49
51133,2015,153
51133,2016,150
51133,2017,93
51135,2010,89
51135,2011,112
51135,2012,90
51135,2013,104
51135,2014,99
51135,2015,112
51135,2016,68
51135,2017,105
51137,2010,156
51137,2011,129
51137,2012,198
51137,2013,149
51137,2014,173
51137,2015,236
51137,2016,176
51137,2017,244
51139,2010,154
51139,2011,277
51139,2012,240
51139,2013,255
51139,2014,177
51139,2015,135
51139,2016,230
51139,2017,252
51141,2010,98
51141,2011,131
51141,2012,169
51141,2013,109
51141,2014,119
51141,2015,123
51141,2016,276
51141,2017,184
51143,2010,182
51143,2011,192
51143,2012,155
51143,2013,224
51143,2014,219
51143,2015,280
51143,2016,253
51143,2017,224
51145,2010,197
51145,2011,112
51145,2012,77
51145,2013,117
51145,2014,126
51145,2015,98
51145,2016,111
51145,2017,153
51147,2010,183
51147,2011,236
51147,2012,211
51147,2013,230
51147,2014,231
51147,2015,98
51147,2016,158
51147,2017,122
51149,2010,181
51149,2011,180
51149,2012,207
51149,2013,262
51149,2014,206
51149,2015,112
51149,2016,109
51149,2017,147
51153,2010,1551
51153,2011,1748
51153,2012,2143
51153,2013,2194
51153,2014,1964
51153,2015,1999
51153,2016,2039
51153,2017,2313
51155,2010,503
51155,2011,592
51155,2012,490
51155,2013,556
51155,2014,473
51155,2015,326
51155,2016,431
51155,2017,428
51157,2010,51
51157,2011,70
51157,2012,66
51157,2013,46
51157,2014,30
51157,2015,18
51157,2016,9
51157,2017,27
51163,2010,186
51163,2011,133
51163,2012,253
51163,2013,296
51163,2014,266
51163,2015,253
51163,2016,306
51163,2017,377
51165,2010,413
51165,2011,460
51165,2012,537
51165,2013,646
51165,2014,664
51165,2015,476
51165,2016,570
51165,2017,651
51167,2010,270
51167,2011,297
51167,2012,378
51167,2013,317
51167,2014,346
51167,2015,205
51167,2016,189
51167,2017,261
51169,2010,353
51169,2011,391
51169,2012,339
51169,2013,206
51169,2014,484
51169,2015,354
51169,2016,328
51169,2017,355
51171,2010,369
51171,2011,430
51171,2012,347
51171,2013,406
51171,2014,405
51171,2015,436
51171,2016,427
51171,2017,378
51173,2010,310
51173,2011,193
51173,2012,344
51173,2013,272
51173,2014,273
51173,2015,237
51173,2016,680
51173,2017,662
51175,2010,94
51175,2011,100
51175,2012,126
51175,2013,137
51175,2014,83
51175,2015,136
51175,2016,52
51175,2017,64
51177,2010,716
51177,2011,798
51177,2012,1011
51177,2013,775
51177,2014,699
51177,2015,710
51177,2016,948
51177,2017,844
51179,2010,583
51179,2011,696
51179,2012,801
51179,2013,713
51179,2014,622
51179,2015,665
51179,2016,856
51179,2017,913
51181,2010,13
51181,2011,14
51181,2012,16
51181,2013,12
51181,2014,20
51181,2017,17
51183,2010,59
51183,2011,68
51183,2012,90
51183,2013,58
51183,2014,66
51183,2015,71
51183,2016,45
51183,2017,51
51185,2010,509
51185,2011,464
51185,2012,533
51185,2013,678
51185,2014,886
51185,2015,877
51185,2016,912
51185,2017,825
51187,2010,427
51187,2011,505
51187,2012,507
51187,2013,503
51187,2014,547
51187,2015,431
51187,2016,442
51187,2017,443
51191,2010,321
51191,2011,474
51191,2012,455
51191,2013,406
51191,2014,419
51191,2015,361
51191,2016,469
51191,2017,517
51193,2010,107
51193,2011,118
51193,2012,143
51193,2013,96
51193,2014,142
51193,2015,132
51193,2016,159
51193,2017,169
51195,2010,514
51195,2011,578
51195,2012,722
51195,2013,819
51195,2014,714
51195,2015,622
51195,2016,366
51195,2017,535
51197,2010,406
51197,2011,495
51197,2012,554
51197,2013,596
51197,2014,615
51197,2015,611
51197,2016,492
51197,2017,440
51199,2010,215
51199,2011,233
51199,2012,280
51199,2013,220
51199,2014,196
51199,2015,139
51199,2016,238
51199,2017,228
51510,2010,427
51510,2011,123
51510,2012,63
51510,2013,301
51510,2015,26
51510,2016,101
51510,2017,112
51515,2010,4
51515,2013,2
51515,2017,2
51520,2010,276
51520,2012,67
51520,2013,286
51520,2014,30
51520,2015,2
51520,2017,49
51530,2010,44
51530,2013,99
51530,2014,12
51530,2016,6
51540,2010,264
51540,2012,8
51540,2013,280
51540,2014,65
51540,2016,16
51540,2017,38
51550,2010,881
51550,2011,12
51550,2013,1065
51550,2014,88
51550,2016,140
51550,2017,218
51570,2010,190
51570,2013,269
51570,2014,9
51570,2016,10
51570,2017,40
51580,2017,4
51590,2010,332
51590,2013,348
51590,2016,42
51590,2017,72
51595,2010,91
51595,2013,41
51595,2014,14
51600,2010,148
51600,2012,43
51600,2013,123
51600,2014,11
51600,2015,17
51600,2016,76
51600,2017,132
51610,2010,65
51610,2013,46
51610,2017,4
51620,2010,64
51620,2013,78
51620,2014,20
51620,2015,2
51620,2016,10
51620,2017,9
51630,2010,234
51630,2012,6
51630,2013,209
51630,2014,47
51630,2016,32
51630,2017,21
51640,2010,31
51640,2013,16
51640,2016,10
51650,2010,775
51650,2011,23
51650,2012,36
51650,2013,785
51650,2014,76
51650,2015,40
51650,2016,83
51650,2017,87
51660,2010,48
51660,2011,10
51660,2012,51
51660,2013,120
51660,2014,29
51660,2016,58
51660,2017,31
51670,2010,215
51670,2011,8
51670,2013,258
51670,2014,44
51670,2016,20
51670,2017,19
51678,2010,17
51678,2013,40
51680,2010,502
51680,2013,643
51680,2014,35
51680,2016,62
51680,2017,47
51683,2010,171
51683,2011,113
51683,2012,35
51683,2013,49
51683,2015,13
51683,2016,9
51683,2017,2
51690,2010,92
51690,2011,13
51690,2013,144
51690,2015,5
51690,2016,21
51690,2017,31
51700,2010,1730
51700,2011,48
51700,2012,33
51700,2013,1134
51700,2014,111
51700,2015,14
51700,2016,159
51700,2017,99
51710,2010,1077
51710,2011,35
51710,2012,46
51710,2013,1025
51710,2014,227
51710,2015,55
51710,2016,164
51710,2017,241
51720,2010,3
51730,2010,474
51730,2013,641
51730,2014,90
51730,2016,14
51730,2017,16
51735,2010,33
51735,2013,68
51740,2010,841
51740,2011,12
51740,2012,14
51740,2013,726
51740,2014,135
51740,2015,20
51740,2016,80
51740,2017,69
51750,2010,144
51750,2013,212
51750,2014,7
51750,2016,9
51750,2017,12
51760,2010,2884
51760,2011,13
51760,2012,37
51760,2013,3248
51760,2014,396
51760,2015,52
51760,2016,418
51760,2017,369
51770,2010,1103
51770,2011,652
51770,2012,621
51770,2013,1535
51770,2014,484
51770,2015,394
51770,2016,689
51770,2017,782
51775,2010,205
51775,2013,210
51775,2014,10
51775,2015,3
51775,2016,20
51775,2017,45
51790,2010,186
51790,2013,200
51790,2014,11
51790,2016,11
51790,2017,10
51800,2010,245
51800,2011,6
51800,2012,4
51800,2013,438
51800,2014,31
51800,2015,4
51800,2016,45
51800,2017,26
51810,2010,1537
51810,2011,45
51810,2012,58
51810,2013,1721
51810,2014,135
51810,2015,16
51810,2016,167
51810,2017,124
51820,2010,93
51820,2012,11
51820,2013,273
51820,2017,44
51830,2010,41
51830,2013,102
51830,2014,25
51830,2017,10
51840,2010,369
51840,2011,12
51840,2012,30
51840,2013,454
51840,2014,83
51840,2015,15
51840,2016,43
51840,2017,71
54001,2010,16
54001,2011,16
54001,2012,3
54001,2013,22
54001,2014,13
54001,2016,4
54001,2017,17
54003,2010,722
54003,2011,856
54003,2012,727
54003,2013,408
54003,2014,250
54003,2015,284
54003,2016,301
54003,2017,205
54005,2010,90
54005,2011,134
54005,2012,32
54005,2013,28
54005,2014,21
54005,2015,46
54005,2016,20
54005,2017,22
54007,2010,167
54007,2011,83
54007,2012,147
54007,2013,86
54007,2014,62
54007,2015,68
54007,2016,104
54007,2017,79
54009,2010,9
54009,2011,8
54009,2012,14
54009,2013,27
54009,2015,3
54011,2010,517
54011,2011,804
54011,2012,508
54011,2013,523
54011,2014,350
54011,2015,163
54011,2016,226
54011,2017,159
54013,2010,8
54013,2012,62
54013,2014,16
54013,2016,18
54013,2017,5
54015,2010,50
54015,2011,78
54015,2012,59
54015,2013,31
54015,2014,38
54015,2015,8
54017,2010,16
54017,2011,41
54017,2012,35
54017,2013,67
54017,2014,28
54017,2015,18
54017,2016,31
54017,2017,19
54019,2010,135
54019,2011,125
54019,2012,95
54019,2013,109
54019,2014,43
54019,2015,45
54019,2016,23
54019,2017,5
54021,2011,82
54021,2012,19
54021,2013,73
54021,2015,72
54021,2016,45
54021,2017,20
54023,2010,95
54023,2011,20
54023,2012,106
54023,2013,68
54023,2014,123
54023,2015,36
54023,2016,16
54025,2010,254
54025,2011,103
54025,2012,78
54025,2013,127
54025,2014,218
54025,2015,237
54025,2016,137
54025,2017,41
54027,2011,118
54027,2012,102
54027,2013,100
54027,2014,24
54027,2015,95
54027,2016,22
54027,2017,33
54029,2010,152
54029,2011,97
54029,2012,54
54029,2013,175
54029,2014,94
54029,2015,42
54029,2016,94
54029,2017,104
54031,2010,76
54031,2011,138
54031,2012,194
54031,2013,86
54031,2014,108
54031,2015,80
54031,2016,26
54033,2010,196
54033,2011,148
54033,2012,666
54033,2013,658
54033,2014,324
54033,2015,302
54033,2016,478
54033,2017,201
54035,2010,116
54035,2011,197
54035,2012,91
54035,2013,38
54035,2014,100
54035,2015,69
54035,2016,76
54035,2017,51
54037,2010,133
54037,2011,103
54037,2012,105
54037,2013,30
54037,2014,59
54037,2015,29
54037,2016,91
54037,2017,26
54039,2010,1440
54039,2011,1790
54039,2012,1395
54039,2013,1013
54039,2014,1007
54039,2015,639
54039,2016,695
54039,2017,1033
54041,2011,36
54041,2012,47
54041,2013,390
54041,2014,263
54041,2015,100
54041,2016,38
54041,2017,31
54043,2014,17
54045,2010,307
54045,2011,348
54045,2012,346
54045,2013,363
54045,2014,320
54045,2015,223
54045,2016,312
54045,2017,146
54047,2010,99
54047,2011,79
54047,2012,38
54047,2013,83
54047,2014,63
54047,2015,98
54047,2016,71
54049,2010,348
54049,2011,391
54049,2012,543
54049,2013,456
54049,2014,148
54049,2015,233
54049,2016,205
54049,2017,49
54051,2010,126
54051,2011,91
54051,2012,133
54051,2013,145
54051,2014,168
54051,2015,54
54051,2016,112
54051,2017,28
54053,2010,94
54053,2011,45
54053,2012,106
54053,2013,85
54053,2014,38
54053,2015,90
54053,2016,24
54055,2010,587
54055,2011,567
54055,2012,452
54055,2013,529
54055,2014,315
54055,2015,396
54055,2016,404
54055,2017,108
54057,2010,104
54057,2011,105
54057,2012,137
54057,2013,22
54057,2014,44
54057,2015,19
54057,2016,26
54057,2017,66
54059,2010,180
54059,2011,45
54059,2012,117
54059,2013,162
54059,2014,26
54059,2015,30
54059,2016,13
54059,2017,8
54061,2010,337
54061,2011,105
54061,2012,115
54061,2013,130
54061,2014,139
54061,2015,10
54061,2016,20
54063,2010,62
54063,2011,19
54063,2012,10
54063,2013,18
54063,2014,19
54063,2016,20
54063,2017,11
54065,2010,40
54065,2011,64
54065,2012,147
54065,2013,47
54065,2014,81
54065,2015,40
54065,2016,38
54065,2017,28
54067,2010,199
54067,2011,153
54067,2012,324
54067,2013,424
54067,2014,365
54067,2015,280
54067,2016,294
54067,2017,234
54069,2010,249
54069,2011,308
54069,2012,245
54069,2013,345
54069,2014,233
54069,2015,124
54069,2016,88
54069,2017,49
54071,2011,14
54073,2011,20
54073,2012,13
54073,2013,29
54073,2014,11
54073,2015,26
54075,2010,41
54075,2011,63
54075,2012,70
54075,2013,68
54075,2014,29
54075,2015,59
54075,2016,35
54075,2017,30
54077,2010,26
54077,2011,150
54077,2012,110
54077,2013,77
54077,2015,39
54079,2010,188
54079,2011,119
54079,2012,182
54079,2013,177
54079,2014,106
54079,2015,50
54079,2016,25
54079,2017,15
54081,2010,494
54081,2011,505
54081,2012,626
54081,2013,584
54081,2014,739
54081,2015,439
54081,2016,420
54081,2017,120
54083,2010,36
54083,2011,79
54083,2012,138
54083,2013,138
54083,2014,99
54083,2016,117
54083,2017,65
54085,2010,54
54085,2011,47
54085,2012,66
54085,2013,33
54085,2014,37
54085,2016,8
54087,2010,21
54087,2011,56
54087,2012,90
54087,2014,48
54087,2015,42
54087,2016,10
54087,2017,2
54089,2010,59
54089,2011,35
54089,2012,14
54089,2013,126
54089,2014,2
54089,2015,9
54089,2016,4
54091,2011,1
54091,2013,8
54091,2014,5
54093,2010,1
54093,2014,6
54093,2017,4
54095,2010,57
54095,2011,48
54095,2014,25
54095,2015,12
54095,2016,22
54097,2010,253
54097,2011,210
54097,2012,191
54097,2013,153
54097,2014,60
54097,2015,67
54097,2016,61
54097,2017,22
54099,2010,23
54099,2011,56
54099,2012,25
54099,2013,75
54099,2014,58
54099,2015,50
54099,2016,49
54099,2017,63
54101,2011,78
54101,2012,86
54101,2013,131
54101,2014,121
54101,2015,42
54101,2016,59
54101,2017,46
54103,2010,24
54103,2011,36
54103,2012,19
54103,2013,19
54103,2014,92
54103,2015,70
54103,2016,7
54103,2017,12
54105,2010,12
54105,2016,4
54107,2010,287
54107,2011,381
54107,2012,449
54107,2013,411
54107,2014,291
54107,2015,430
54107,2016,483
54107,2017,435
54109,2010,15
54109,2011,26
54109,2012,35
54109,2013,38
54109,2014,9
54109,2016,2
54109,2017,5
